{"Best-Fitness": 748.0, "Worst-Fitness": 71.33333333333333, "Mean-Fitness": 409.6666666666667, "Genome length": 26, "Number of Species": 12, "Explanation length": 249, "_timestamp": 1674592267.6618354, "_runtime": 112.67438650131226, "_step": 28, "_wandb": {"runtime": 145}}