{"Best-Fitness": 680.6666666666666, "Worst-Fitness": 22.666666666666668, "Mean-Fitness": 351.66666666666663, "Genome length": 24, "Number of Species": 7, "Explanation length": 196, "_timestamp": 1674887476.6136308, "_runtime": 35.13607478141785, "_step": 9, "_wandb": {"runtime": 36}}