{"Best-Fitness": 941.0, "Worst-Fitness": 8.0, "Genome length": 23, "_timestamp": 1671148003.5644627, "_runtime": 238.92624974250793, "_step": 18, "_wandb": {"runtime": 489}}