{"Best-Fitness": 710.0, "Worst-Fitness": 26.666666666666668, "Mean-Fitness": 368.3333333333333, "Genome length": 33, "Number of Species": 14, "Explanation length": 217, "_timestamp": 1674787320.0172334, "_runtime": 113.67978739738464, "_step": 28, "_wandb": {"runtime": 143}}