{"Best-Fitness": 964.0, "Worst-Fitness": 10.0, "Mean-Fitness": 487.0, "Genome length": 15, "Number of Species": 7, "Explanation length": 262, "_timestamp": 1674785539.6536388, "_runtime": 112.56914782524109, "_step": 28, "_wandb": {"runtime": 136}}