{"Fitness": 951.0, "Genome length": 25, "_timestamp": 1671147016.7789555, "_runtime": 297.2584524154663, "_step": 18, "_wandb": {"runtime": 607}}