{"Best-Fitness": 1271, "Worst-Fitness": 0, "Genome length": 21, "Number of Species": 15, "Explanation length": 356, "_timestamp": 1673616941.9065979, "_runtime": 103.98954677581787, "_step": 11, "_wandb": {"runtime": 109}}