{"Best-Fitness": 875.3333333333334, "Worst-Fitness": 26.666666666666668, "Mean-Fitness": 451.0, "Genome length": 35, "Number of Species": 14, "Explanation length": 259, "_timestamp": 1674786283.966611, "_runtime": 293.1062138080597, "_step": 28, "_wandb": {"runtime": 318}}