{"Best-Fitness": 923.0, "Worst-Fitness": 8.0, "Genome length": 19, "Number of Species": 27, "Explanation length": 291, "_timestamp": 1671557094.4837384, "_runtime": 189.18894338607788, "_step": 18, "_wandb": {"runtime": 188}}