{"Best-Fitness": 60.0, "Worst-Fitness": 8.0, "Genome length": 42, "Number of Species": 51, "Explanation length": 30, "_timestamp": 1673623134.613575, "_runtime": 163.3783679008484, "_step": 28}