{"Best-Fitness": 773.3333333333334, "Worst-Fitness": 67.33333333333333, "Genome length": 36, "Number of Species": 12, "Explanation length": 256, "_timestamp": 1674550602.435403, "_runtime": 261.6511001586914, "_step": 28, "_wandb": {"runtime": 475}}