{"Best-Fitness": 850.0, "Worst-Fitness": 90.66666666666667, "Genome length": 34, "Number of Species": 15, "Explanation length": 259, "_timestamp": 1674551124.4419081, "_runtime": 264.35236716270447, "_step": 28, "_wandb": {"runtime": 297}}