{"Best-Fitness": 970.0, "Worst-Fitness": 8.0, "Mean-Fitness": 489.0, "Genome length": 19, "Number of Species": 18, "Explanation length": 246, "_timestamp": 1674591678.2442868, "_runtime": 103.36783075332642, "_step": 28, "_wandb": {"runtime": 150}}