{"Best-Fitness": 1405, "Worst-Fitness": 0, "Genome length": 25, "Number of Species": 42, "Explanation length": 260, "_timestamp": 1673619425.1533778, "_runtime": 845.3045327663422, "_step": 28, "_wandb": {"runtime": 880}}