{"Best-Fitness": 800.6666666666666, "Worst-Fitness": 333.3333333333333, "Mean-Fitness": 567.0, "Genome length": 24, "Number of Species": 2, "Explanation length": 243, "_timestamp": 1674887339.0483973, "_runtime": 4.022955417633057, "_step": 1, "_wandb": {"runtime": 4}}