{"Best-Fitness": 768.6666666666666, "Worst-Fitness": 20.0, "Mean-Fitness": 394.3333333333333, "Genome length": 28, "Number of Species": 14, "Explanation length": 264, "_timestamp": 1674787721.9756696, "_runtime": 106.131112575531, "_step": 28, "_wandb": {"runtime": 99226}}