{"Best-Fitness": 1078, "Worst-Fitness": 0, "Genome length": 23, "Number of Species": 33, "Explanation length": 256, "_timestamp": 1673620439.2522712, "_runtime": 364.6163911819458, "_step": 28, "_wandb": {"runtime": 396}}