{"Best-Fitness": 609.3333333333334, "Worst-Fitness": 39.333333333333336, "Mean-Fitness": 324.33333333333337, "Genome length": 34, "Number of Species": 14, "Explanation length": 168, "_timestamp": 1674592111.7673447, "_runtime": 66.22795271873474, "_step": 28, "_wandb": {"runtime": 86}}