{"Best-Fitness": 770.6666666666666, "Worst-Fitness": 141.33333333333334, "Mean-Fitness": 456.0, "Genome length": 28, "Number of Species": 13, "Explanation length": 252, "_timestamp": 1674785747.9613764, "_runtime": 92.30035352706909, "_step": 28, "_wandb": {"runtime": 119}}