{"Best-Fitness": 1176, "Worst-Fitness": 0, "Genome length": 27, "Number of Species": 41, "Explanation length": 251, "_timestamp": 1673624493.8034985, "_runtime": 1274.7686204910278, "_step": 28}