{"Best-Fitness": 973.0, "Worst-Fitness": 8.0, "Genome length": 10, "Number of Species": 12, "Explanation length": 249, "_timestamp": 1674548919.2636437, "_runtime": 245.39820981025696, "_step": 28, "_wandb": {"runtime": 261}}