{"Fitness": 954.0, "Genome length": 29, "_timestamp": 1671146211.788127, "_runtime": 1491.8823070526123, "_step": 48, "_wandb": {"runtime": 1847}}