{"Best-Fitness": 495.3333333333333, "Worst-Fitness": 156.66666666666666, "Mean-Fitness": 326.0, "Genome length": 29, "Number of Species": 14, "Explanation length": 212, "_timestamp": 1674786942.3431609, "_runtime": 214.24305891990662, "_step": 28, "_wandb": {"runtime": 236}}