{"Best-Fitness": 948.0, "Worst-Fitness": 9.0, "Genome length": 22, "Number of Species": 28, "_timestamp": 1671148780.921704, "_runtime": 196.58013010025024, "_step": 18, "_wandb": {"runtime": 329}}