{"Best-Fitness": 1207, "Worst-Fitness": 0, "Genome length": 27, "Number of Species": 32, "Explanation length": 259, "_timestamp": 1673619946.4554915, "_runtime": 387.1386594772339, "_step": 26, "_wandb": {"runtime": 399}}