{"Best-Fitness": 760, "Worst-Fitness": 0, "Genome length": 22, "Number of Species": 40, "Explanation length": 206, "_timestamp": 1673621142.405036, "_runtime": 640.0399270057678, "_step": 28, "_wandb": {"runtime": 398407}}