{"Best-Fitness": 924.0, "Worst-Fitness": 9.0, "Genome length": 26, "Number of Species": 28, "_timestamp": 1671545723.7089064, "_runtime": 263.57524037361145, "_step": 18, "_wandb": {"runtime": 349}}