{"Best-Fitness": 936.0, "Worst-Fitness": 8.0, "Genome length": 24, "Number of Species": 27, "_timestamp": 1671189757.879655, "_runtime": 246.15133595466614, "_step": 18, "_wandb": {"runtime": 245}}