{"Best-Fitness": 782.6666666666666, "Worst-Fitness": 333.3333333333333, "Mean-Fitness": 558.0, "Genome length": 24, "Number of Species": 15, "Explanation length": 241, "_timestamp": 1674593135.1894572, "_runtime": 109.81254315376282, "_step": 28, "_wandb": {"runtime": 128}}