{"Best-Fitness": 567.3333333333334, "Worst-Fitness": 54.0, "Mean-Fitness": 310.6666666666667, "Genome length": 24, "Number of Species": 1, "Explanation length": 119, "_timestamp": 1674787448.614318, "_runtime": 26.978814840316772, "_step": 6}