{"Best-Fitness": 638.0, "Worst-Fitness": 24.0, "Genome length": 34, "Number of Species": 11, "Explanation length": 188, "_timestamp": 1674550181.5302413, "_runtime": 262.9003252983093, "_step": 27, "_wandb": {"runtime": 277}}