{"Best-Fitness": 813.3333333333334, "Worst-Fitness": 68.66666666666667, "Mean-Fitness": 441.0, "Genome length": 31, "Number of Species": 12, "Explanation length": 236, "_timestamp": 1674786687.9525185, "_runtime": 156.52706241607666, "_step": 28, "_wandb": {"runtime": 184}}