{"Best-Fitness": 768.0, "Worst-Fitness": 91.33333333333333, "Mean-Fitness": 429.6666666666667, "Genome length": 39, "Number of Species": 15, "Explanation length": 249, "_timestamp": 1674787072.706474, "_runtime": 86.52561211585999, "_step": 28, "_wandb": {"runtime": 137}}