{"Best-Fitness": 942.0, "Worst-Fitness": 8.0, "Genome length": 21, "Number of Species": 22, "Explanation length": 214, "Species 0 Best": 829.0, "Species 0 Worst": 44.0, "Species 0Adjusted fitness": 0.16549403487304987, "Species 1Adjusted fitness": 0.1334760885082084, "_timestamp": 1671560955.8445733, "_runtime": 196.16353034973145, "_step": 18, "Species 2Adjusted fitness": 0.12658540602866084, "Species 3Adjusted fitness": 0.14593147751605998, "Species 4Adjusted fitness": 0.02676659528907923, "Species 5 Best": 659.0, "Species 5 Worst": 441.0, "Species 5Adjusted fitness": 0.434332619557459, "Species 6Adjusted fitness": 0.09314775160599571, "Species 7Adjusted fitness": 0.12890792291220557, "Species 8Adjusted fitness": 0.1566228204343836, "Species 9Adjusted fitness": 0.24046135876970995, "Species 10 Best": 600.0, "Species 10 Worst": 28.0, "Species 10Adjusted fitness": 0.13640256959314775, "Species 11Adjusted fitness": 0.11063526052819414, "Species 12Adjusted fitness": 0.09391251147139798, "Species 13Adjusted fitness": 0.15404175588865096, "Species 14Adjusted fitness": 0.0053533190578158455, "Species 15 Best": 230.0, "Species 15 Worst": 79.0, "Species 15Adjusted fitness": 0.10706638115631692, "Species 16Adjusted fitness": 0.09635974304068523, "Species 17Adjusted fitness": 0.16359743040685226, "Species 18Adjusted fitness": 0.10867237687366167, "Species 19Adjusted fitness": 0.04978586723768737, "Species 20 Best": 95.0, "Species 20 Worst": 95.0, "Species 20Adjusted fitness": 0.09314775160599571, "Species 21Adjusted fitness": 0.048179871520342615, "Species 22Adjusted fitness": null, "Species 23Adjusted fitness": null, "_wandb": {"runtime": 195}}