{"Best-Fitness": 778.6666666666666, "Worst-Fitness": 52.666666666666664, "Mean-Fitness": 415.66666666666663, "Genome length": 33, "Number of Species": 10, "Explanation length": 244, "_timestamp": 1674786497.8481743, "_runtime": 76.9068033695221, "_step": 23, "_wandb": {"runtime": 80}}