{"Best-Fitness": 768.6666666666666, "Worst-Fitness": 0, "Genome length": 42, "Number of Species": 15, "Explanation length": 258, "_timestamp": 1674549755.1261306, "_runtime": 771.140148639679, "_step": 28, "_wandb": {"runtime": 899}}