{"Best-Fitness": 923.0, "Worst-Fitness": 9.0, "Genome length": 27, "Number of Species": 18, "Explanation length": 173, "Species 0": [170.0, 41.0], "Species 1": [128.0, 46.0], "_timestamp": 1671557973.0460482, "_runtime": 134.18849921226501, "_step": 13, "Species 2": [75.0, 39.0], "Species 3": [918.0, 25.0], "Species 4": [133.0, 60.0], "Species 5": [253.0, 43.0], "Species 6": [63.0, 63.0], "Species 7": [907.0, 19.0], "Species 8": [163.0, 28.0], "Species 9": [304.0, 70.0], "Species 10": [409.0, 35.0], "Species 11": [923.0, 34.0], "Species 12": [54.0, 24.0], "Species 13": [94.0, 34.0], "Species 14": [82.0, 16.0], "Species 15": [84.0, 84.0], "Species 16": [130.0, 18.0], "Species 17": [248.0, 248.0], "Species 18": [0, 0], "_wandb": {"runtime": 145}}